{"MaPS": {"-20": 68.00511294261294, "-15": 57.83849087420515, "-10": 23.931886685929253, "-5": 11.500494222766177, "0": 3.9607124317022757, "5": 1.8149479766080532, "10": 1.40567481315751, "15": 1.3586212160551596, "20": 1.7277343263501392, "25": 1.0129605650984677, "30": 1.10032188461831, "35": 1.158717265696056, "40": 1.1635096265268006}, "PEFAC": {"-20": 62.13546245249803, "-15": 52.31733237530365, "-10": 41.87727172372024, "-5": 30.30300783076962, "0": 23.02495605870425, "5": 18.609357007855014, "10": 16.090859497915012, "15": 16.8920476276107, "20": 16.873772000920216, "25": 17.83506648186429, "30": 18.935292695806385, "35": 19.516506802909873, "40": 20.06182675071337}, "RAPT": {"-20": 77.23242833089078, "-15": 75.72357797131579, "-10": 70.70625665368765, "-5": 57.704981456140004, "0": 42.92546252101155, "5": 29.46988868804883, "10": 18.980825481429488, "15": 14.187292901172846, "20": 10.988980893790936, "25": 10.51271980666045, "30": 9.780049795159734, "35": 9.162046670596325, "40": 9.575965539424896}, "YIN": {"-20": 86.11975794854204, "-15": 83.40228714847841, "-10": 76.08529313782832, "-5": 64.44005384565216, "0": 44.953829005455255, "5": 26.26076846614824, "10": 13.609255321629979, "15": 7.499807092579311, "20": 5.561345397100557, "25": 4.99446936757886, "30": 5.250602874771494, "35": 5.024112221721841, "40": 5.0335625748856785}}