{"MaPS": {"-20": 8.588701222146309, "-15": 5.387740837712647, "-10": 2.229713695974505, "-5": 1.370243230170263, "0": 1.2481089801518512, "5": 1.1632606341608567, "10": 1.1580502701229416, "15": 1.1386400050783594, "20": 1.1143676307052834, "25": 1.1366971869534992, "30": 1.143286291950873, "35": 1.1433450916237102, "40": 1.0951159047881232}, "PEFAC": {"-20": 7.4080933470259405, "-15": 5.872544582606264, "-10": 4.232534065898335, "-5": 3.4860372364447083, "0": 3.293971701418235, "5": 3.2308431293446347, "10": 3.1243640911058246, "15": 3.2085227697550436, "20": 3.1523612407053836, "25": 3.1352571018099975, "30": 3.210020957861791, "35": 3.167980737561448, "40": 3.165709832448662}, "RAPT": {"-20": 9.90238971576058, "-15": 9.418998143428682, "-10": 7.920096013354247, "-5": 5.745172666349908, "0": 4.599739292962355, "5": 4.245367144986015, "10": 4.06038627035176, "15": 3.907694182616691, "20": 4.063009840543932, "25": 3.9713465067228553, "30": 3.939189957435395, "35": 3.997889150483776, "40": 3.8648731519791544}, "YIN": {"-20": 9.286674782426282, "-15": 8.465502792831263, "-10": 6.2705439381227315, "-5": 3.4708801943454612, "0": 2.234719355210726, "5": 1.6784635451016119, "10": 1.572609839878829, "15": 1.3688888041717469, "20": 1.3825786474371966, "25": 1.3532762929313307, "30": 1.3315606440012009, "35": 1.321622160897855, "40": 1.35949948424072}}