{
  "BANA": {
    "snr": [
      -20,
      -15,
      -10,
      -5,
      0,
      5,
      10,
      15,
      20
    ],
    "gpe": [
      0.6824155717845539,
      0.637669179162648,
      0.537811221878176,
      0.40422150481330876,
      0.2817613239736094,
      0.19808483558590695,
      0.14343233324582577,
      0.11307968667895137,
      0.09472068858076033
    ],
    "nans": null,
    "false_positives": null,
    "false_negatives": null
  },
  "CREPE": {
    "snr": [
      -20,
      -15,
      -10,
      -5,
      0,
      5,
      10,
      15,
      20
    ],
    "gpe": [
      0.7672955753341583,
      0.7081958069904803,
      0.5145141170968093,
      0.2813446043810173,
      0.12501838983903898,
      0.054269392043206716,
      0.0261827697048573,
      0.014559450853916385,
      0.009241551489643151
    ],
    "nans": [
      0.075952380952381,
      0.03857142857142859,
      0.0071428571428571175,
      0.0011904761904761862,
      0.00023809523809525945,
      0.0011904761904761862,
      0.0004761904761905189,
      0.0,
      0.00023809523809525945
    ],
    "false_positives": [
      0.1199139984901917,
      0.11839863379148956,
      0.117395719673127,
      0.11415082492674519,
      0.10580980766044634,
      0.10026865917611694,
      0.09644955388125101,
      0.09309228038758795,
      0.09007584304750167
    ],
    "false_negatives": [
      0.862522809305384,
      0.8496704405353332,
      0.7873880416962741,
      0.6226856220103053,
      0.42950239993062395,
      0.27639748162728683,
      0.18562974929125028,
      0.13679453185682677,
      0.11225794263398167
    ]
  },
  "DIO": {
    "snr": [
      -20,
      -15,
      -10,
      -5,
      0,
      5,
      10,
      15,
      20
    ],
    "gpe": [
      0.7178452036257573,
      0.7085876319005018,
      0.6567332177063555,
      0.5642200596240269,
      0.4367204785231037,
      0.2857629610188454,
      0.17023744900044482,
      0.08890236169959338,
      0.044440062364516274
    ],
    "nans": [
      0.24357142857142855,
      0.2316666666666667,
      0.22452380952380957,
      0.1919047619047619,
      0.11761904761904762,
      0.05023809523809519,
      0.024047619047619095,
      0.0161904761904762,
      0.005714285714285672
    ],
    "false_positives": [
      0.17694871816675323,
      0.17506426201387837,
      0.17664833412524905,
      0.17645095464997412,
      0.17292377466575398,
      0.1692127553038495,
      0.17309295648494322,
      0.1731067972589812,
      0.17230500886677452
    ],
    "false_negatives": [
      0.8075558157248535,
      0.8061095954023642,
      0.7943662102264801,
      0.7719073645780121,
      0.7143187400057062,
      0.6047250276479091,
      0.44720938248458325,
      0.28500865136651016,
      0.17013584931545883
    ]
  },
  "KALDI": {
    "snr": [
      -20,
      -15,
      -10,
      -5,
      0,
      5,
      10,
      15,
      20
    ],
    "gpe": [
      0.794832227763217,
      0.773508701547129,
      0.6724216378692499,
      0.46728773483114466,
      0.270229598001899,
      0.13381659509252486,
      0.03558989184394117,
      0.010371301957470248,
      0.005774585519103825
    ],
    "nans": [
      0.7014285714285714,
      0.7061904761904763,
      0.7130952380952381,
      0.5752380952380952,
      0.12357142857142855,
      0.0007142857142856673,
      0.0009523809523809268,
      0.0007142857142856673,
      0.0004761904761905189
    ],
    "false_positives": [
      0.018304118333584966,
      0.017791901548602045,
      0.01759878810370168,
      0.016070626536163125,
      0.015539799809439673,
      0.013733855698439242,
      0.011519775158340094,
      0.010801326716976513,
      0.011940206360623618
    ],
    "false_negatives": [
      0.9774382332371198,
      0.9771440142494371,
      0.9775412545680994,
      0.9673314093243578,
      0.9060342270639454,
      0.7308719102509692,
      0.5078237126042875,
      0.3515333221624499,
      0.2699959590619529
    ]
  },
  "MAPS": {
    "snr": [
      -20,
      -15,
      -10,
      -5,
      0,
      5,
      10,
      15,
      20
    ],
    "gpe": [
      0.6705800669712383,
      0.5568145789843708,
      0.35580013377963016,
      0.1655986629008348,
      0.06504939587635458,
      0.024716668074711314,
      0.010480103881221293,
      0.006744971127068575,
      0.005873114344758202
    ],
    "nans": [
      0.29095238095238096,
      0.245,
      0.10666666666666669,
      0.010000000000000009,
      0.0007142857142856673,
      0.0004761904761905189,
      0.0,
      0.0004761904761905189,
      0.0007142857142856673
    ],
    "false_positives": [
      0.17977572354169755,
      0.17162366716950672,
      0.1626364489602722,
      0.14840072074388178,
      0.11635613482996264,
      0.07839612327539663,
      0.05717358461673796,
      0.053549828440655624,
      0.05739468958357033
    ],
    "false_negatives": [
      0.8173073994298403,
      0.8063415785249888,
      0.7728272450824308,
      0.7030348013387216,
      0.6103048506208814,
      0.5216767726920308,
      0.44952053320641744,
      0.39449600627231984,
      0.3505523533487905
    ]
  },
  "MBSC": {
    "snr": [
      -20,
      -15,
      -10,
      -5,
      0,
      5,
      10,
      15,
      20
    ],
    "gpe": [
      0.5363574343313334,
      0.4024608498619034,
      0.19347971751330303,
      0.06348356376977629,
      0.022911163315434784,
      0.008172991382067597,
      0.0038109987767898524,
      0.002309331536823831,
      0.0019321337174611477
    ],
    "nans": [
      0.5966666666666667,
      0.5557142857142857,
      0.3985714285714286,
      0.06714285714285717,
      0.0009523809523809268,
      0.0007142857142856673,
      0.0009523809523809268,
      0.0007142857142856673,
      0.0
    ],
    "false_positives": [
      0.029858617521417264,
      0.02920586959633726,
      0.03021716513106894,
      0.02803317718011937,
      0.028071459704419485,
      0.028367575010407556,
      0.031976086535870765,
      0.035768117095035565,
      0.041234232540949316
    ],
    "false_negatives": [
      0.9461698518004793,
      0.9325045189469334,
      0.90133489278538,
      0.8116206338474704,
      0.6191588956321077,
      0.39962727077439697,
      0.250755723692243,
      0.17001197971680745,
      0.1321048060156274
    ]
  },
  "NLS": {
    "snr": [
      -20,
      -15,
      -10,
      -5,
      0,
      5,
      10,
      15,
      20
    ],
    "gpe": [
      0.7423443811032127,
      0.7281487044875496,
      0.6842378543149988,
      0.6175558381565616,
      0.5155175959585483,
      0.4310512456416729,
      0.3572864252423393,
      0.2949976312059143,
      0.24420129627870835
    ],
    "nans": null,
    "false_positives": null,
    "false_negatives": null
  },
  "PEFAC": {
    "snr": [
      -20,
      -15,
      -10,
      -5,
      0,
      5,
      10,
      15,
      20
    ],
    "gpe": [
      0.5973258409338985,
      0.4691428723787606,
      0.30665853665345716,
      0.1807851407183185,
      0.10874802701535646,
      0.06787867780145215,
      0.051275636535450655,
      0.04263960819718479,
      0.04115652253264284
    ],
    "nans": [
      0.0033333333333332993,
      0.005714285714285672,
      0.005238095238095264,
      0.004285714285714337,
      0.0045238095238094855,
      0.005238095238095264,
      0.004047619047619078,
      0.003809523809523818,
      0.006904761904761858
    ],
    "false_positives": [
      0.2398747236463492,
      0.22912554145447278,
      0.21044720465786865,
      0.18835928480339878,
      0.1648808750036278,
      0.14093136888439928,
      0.1223315543710425,
      0.10240430730727894,
      0.08830105122820456
    ],