{
  "BANA": {
    "snrs": [
      -20,
      -15,
      -10,
      -5,
      0,
      5,
      10,
      15,
      20
    ],
    "high": [
      0.030009386930356912,
      0.03106868281519555,
      0.030998394098068788,
      0.03013244160934543,
      0.03075505517174187,
      0.029855178126540812,
      0.028054263217051675,
      0.02980643688680098,
      0.029542428687808098
    ],
    "low": [
      0.05784580324522659,
      0.05497356135935836,
      0.04735124095851747,
      0.036185066193603524,
      0.023354549537370144,
      0.015123601755848143,
      0.009846940781173387,
      0.006429069846547475,
      0.00429180605857893
    ],
    "remaining": [
      0.5945603816089715,
      0.5516269349880955,
      0.4594615868215889,
      0.33790399701036006,
      0.22765171926449726,
      0.1531060557035184,
      0.10553112924760095,
      0.07684417994560307,
      0.0608864538343732
    ]
  },
  "CREPE": {
    "snrs": [
      -20,
      -15,
      -10,
      -5,
      0,
      5,
      10,
      15,
      20
    ],
    "high": [
      0.05043416749170342,
      0.055092752630139845,
      0.04729497278790201,
      0.046395017032070496,
      0.03015697067770814,
      0.01904961367091525,
      0.010596677446007214,
      0.0060719585503512825,
      0.004261571778414586
    ],
    "low": [
      0.08282408666139318,
      0.0954456422939103,
      0.08322044326570413,
      0.03912798425914329,
      0.013416825590388762,
      0.004600911613011394,
      0.0018360250670236408,
      0.0010423541562753135,
      0.0004885524254461934
    ],
    "remaining": [
      0.6340373211810593,
      0.5576574120664328,
      0.38399870104320394,
      0.19582160308980395,
      0.08144459357094244,
      0.030618866759280036,
      0.013750067191826422,
      0.007445138147289726,
      0.004491427285782377
    ]
  },
  "DIO": {
    "snrs": [
      -20,
      -15,
      -10,
      -5,
      0,
      5,
      10,
      15,
      20
    ],
    "high": [
      0.005161419810295763,
      0.0064922230251072644,
      0.0048275621907831814,
      0.008270124401388506,
      0.014250120820973985,
      0.015196184993532839,
      0.015886001585840203,
      0.012789684151846956,
      0.009757317794666783
    ],
    "low": [
      0.09652245962427691,
      0.09982499921729936,
      0.0897061569101138,
      0.08091857020571026,
      0.06292721325387429,
      0.03968474219278961,
      0.021922219817346874,
      0.009437722379532698,
      0.004503275713802176
    ],
    "remaining": [
      0.6161613241911844,
      0.6022704096580939,
      0.5621994986054585,
      0.4750313650169289,
      0.35954314444825475,
      0.23088203383252318,
      0.1324292275972582,
      0.06667495516821365,
      0.03017946885604735
    ]
  },
  "KALDI": {
    "snrs": [
      -20,
      -15,
      -10,
      -5,
      0,
      5,
      10,
      15,
      20
    ],
    "high": [
      0.03283578859812374,
      0.026684957732249825,
      0.032144838994658295,
      0.011121693254826487,
      0.000782957686831748,
      0.00010352005012052963,
      5.418399421594558e-05,
      7.449949851629199e-05,
      3.291027086624774e-05
    ],
    "low": [
      0.15334393583288514,
      0.1805081834873827,
      0.19359376849802287,
      0.27925998731997564,
      0.25000841490918,
      0.1308752754751278,
      0.03521375248687743,
      0.010201055364345454,
      0.00567369325304434
    ],
    "remaining": [
      0.608652503332208,
      0.5663155603274972,
      0.44668303037656903,
      0.17690605425634268,
      0.019438225405887122,
      0.002837799567276481,
      0.00032195536284778916,
      9.574709460850635e-05,
      6.798199519323714e-05
    ]
  },
  "MAPS": {
    "snrs": [
      -20,
      -15,
      -10,
      -5,
      0,
      5,
      10,
      15,
      20
    ],
    "high": [
      0.03319214325731623,
      0.03315664999405801,
      0.026801782781310346,
      0.01829530479849963,
      0.011478753349758442,
      0.006098245014829817,
      0.0032969969827697414,
      0.002091749611940512,
      0.0013545457085053954
    ],
    "low": [
      0.06833059408905649,
      0.0789915709177495,
      0.08309134939820378,
      0.05556640902820962,
      0.02212605837004479,
      0.007638138900444725,
      0.003020328491463834,
      0.0019604949228885153,
      0.0019077802695366848
    ],
    "remaining": [
      0.5690573296248648,
      0.44466635807256394,
      0.24590700160011622,
      0.09173694907412526,
      0.03144458415655148,
      0.010980284159436764,
      0.0041627784069876925,
      0.002692726592239545,
      0.0026107883667161147
    ]
  },
  "MBSC": {
    "snrs": [
      -20,
      -15,
      -10,
      -5,
      0,
      5,
      10,
      15,
      20
    ],
    "high": [
      0.017448492662312774,
      0.01388746293377364,
      0.005573050399740711,
      0.0016886756430612858,
      0.00033752859026071506,
      0.00023757162643094705,
      0.00010737737753008097,
      9.118672615829557e-05,
      9.615582283058882e-05
    ],
    "low": [
      0.07770388581857325,
      0.06893993534939837,
      0.05590277630044091,
      0.034835193701102704,
      0.017431026702785644,
      0.006696873806460844,
      0.0033394408776150054,
      0.0019917835653619556,
      0.0016372472923896055
    ],
    "remaining": [
      0.4412050558504483,
      0.31963345157873146,
      0.1320038908131213,
      0.026959694425612402,
      0.0051426080223884105,
      0.0012385459491758065,
      0.0003641805216447659,
      0.00022636124530357816,
      0.00019873060224095382
    ]
  },
  "NLS": {
    "snrs": [
      -20,
      -15,
      -10,
      -5,
      0,
      5,
      10,
      15,
      20
    ],
    "high": [
      0.011044910771953595,
      0.010633660655290289,
      0.009935279515065027,
      0.00802050990064837,
      0.005489819379281681,
      0.004636658694213841,
      0.004495556132018204,
      0.004667732768841842,
      0.005056017097397896
    ],
    "low": [
      0.10223793117751993,
      0.11783988530438648,
      0.14999914165801387,
      0.2013509857390016,
      0.22903692687094673,
      0.23039948250173753,
      0.2050964967384513,
      0.16967068427155055,
      0.1362381681448827
    ],
    "remaining": [
      0.6290615391537387,
      0.5996751585278703,
      0.5243034331419182,
      0.40818434251691316,
      0.28099084970831706,
      0.196015104445721,
      0.14769437237187066,
      0.12065921416552101,
      0.10290711103642727
    ]
  },
  "PEFAC": {
    "snrs": [
      -20,
      -15,
      -10,
      -5,
      0,
      5,
      10,
      15,
      20
    ],
    "high": [
      0.04855398002354807,
      0.041452640582265825,
      0.03374821564671688,
      0.025992085892017305,
      0.02164193665122762,
      0.017853287001839253,
      0.0152021405451358,
      0.013492615320274069,
      0.012737325544559227
    ],
    "low": [
      0.05229060950989349,
      0.05430387569417651,
      0.043102566662410406,
      0.026678333935021656,
      0.017489294562111696,
      0.012413485653558352,
      0.011186364778361007,
      0.009855027016302871,
      0.010674623009821088
    ],
    "remaining": [
      0.496481251400456,
      0.37338635610231635,
      0.22980775434432982,
      0.12811472089127954,
      0.06961679580201716,
      0.037611905146054656,
      0.024887131211953902,
      0.019291965860607767,
      0.017744573978262478
    ]
  },
  "PRAAT": {
    "snrs": [
      -20,
      -15,
      -10,
      -5,
      0,
      5,
      10,
      15,
      20
    ],
    "high": [
      0.03288825499583177,
      0.03815939464607916,
      0.029329162231291825,
      0.01029694527463892,
      0.004216571757552113,
      0.0013795317839836137,
      0.0007072510529053372,
      0.0004710065914681529,
      0.0004731101587061909
    ],